{"proxies":{"ti.popover.PopoverProxy":{"superPackageName":"org.appcelerator.titanium.proxy","methods":{"show":{"runOnUiThread":false,"hasInvocation":false,"args":[{"converter":"org.appcelerator.kroll.KrollConverter","defaultValueProvider":"org.appcelerator.kroll.KrollConverter","name":"options","sourceName":"options","type":"org.appcelerator.kroll.KrollDict"}],"apiName":"show","converter":"org.appcelerator.kroll.KrollConverter","defaultValueProvider":"org.appcelerator.kroll.KrollConverter","name":"__default_name__","returnType":"void"}},"superProxyBindingClassName":"org.appcelerator.titanium.proxy.TiViewProxyBindingGen","proxyClassName":"PopoverProxy","proxyAttrs":{"propertyAccessors":[],"fullAPIName":"TiPopover.Popover","name":"Popover","proxyClassName":"ti.popover.PopoverProxy","isTopLevel":false,"id":"ti.popover.PopoverProxy","creatableInModule":"ti.popover.TiPopoverModule","parentModule":"org.appcelerator.kroll.annotations.Kroll.DEFAULT"},"packageName":"ti.popover","sourceName":"ti.popover.PopoverProxyBindingGen","isTitaniumSdk":false,"superProxyClassName":"TiViewProxy","isModule":false,"genClassName":"PopoverProxyBindingGen"},"ti.popover.TiPopoverModule":{"superPackageName":"org.appcelerator.kroll","superProxyBindingClassName":"org.appcelerator.kroll.KrollModuleBindingGen","proxyClassName":"TiPopoverModule","proxyAttrs":{"propertyAccessors":[],"fullAPIName":"TiPopover","name":"TiPopover","proxyClassName":"ti.popover.TiPopoverModule","isTopLevel":false,"id":"ti.popover"},"packageName":"ti.popover","sourceName":"ti.popover.TiPopoverModuleBindingGen","constants":{"POPOVER_ARROW_DIRECTION_ANY":{"proxyName":"POPOVER_ARROW_DIRECTION_ANY","name":"POPOVER_ARROW_DIRECTION_ANY","type":"int","value":0},"POPOVER_ARROW_DIRECTION_UP":{"proxyName":"POPOVER_ARROW_DIRECTION_UP","name":"POPOVER_ARROW_DIRECTION_UP","type":"int","value":2},"POPOVER_ARROW_DIRECTION_DOWN":{"proxyName":"POPOVER_ARROW_DIRECTION_DOWN","name":"POPOVER_ARROW_DIRECTION_DOWN","type":"int","value":1},"POPOVER_ARROW_DIRECTION_RIGHT":{"proxyName":"POPOVER_ARROW_DIRECTION_RIGHT","name":"POPOVER_ARROW_DIRECTION_RIGHT","type":"int","value":4},"POPOVER_ARROW_DIRECTION_LEFT":{"proxyName":"POPOVER_ARROW_DIRECTION_LEFT","name":"POPOVER_ARROW_DIRECTION_LEFT","type":"int","value":3}},"isTitaniumSdk":false,"superProxyClassName":"KrollModule","isModule":true,"genClassName":"TiPopoverModuleBindingGen"}},"modules":{"ti.popover.TiPopoverModule":{"apiName":"TiPopover","createProxies":[{"propertyAccessors":[],"fullAPIName":"TiPopover.Popover","name":"Popover","proxyClassName":"ti.popover.PopoverProxy","isTopLevel":false,"id":"ti.popover.PopoverProxy","creatableInModule":"ti.popover.TiPopoverModule","parentModule":"org.appcelerator.kroll.annotations.Kroll.DEFAULT"}]}}}